"LoginId","Password","WorldIndex","CharacterIndex","PortalRoute","ClientTag"
"load00001","pw1","0","0","1,2,3,4","lt-00001"
"load00002","pw1","0","0","1,2,3,4","lt-00002"
"load00003","pw1","0","0","1,2,3,4","lt-00003"
"load00004","pw1","0","0","1,2,3,4","lt-00004"
"load00005","pw1","0","0","1,2,3,4","lt-00005"
"load00006","pw1","0","0","1,2,3,4","lt-00006"
"load00007","pw1","0","0","1,2,3,4","lt-00007"
"load00008","pw1","0","0","1,2,3,4","lt-00008"
"load00009","pw1","0","0","1,2,3,4","lt-00009"
"load00010","pw1","0","0","1,2,3,4","lt-00010"
"load00011","pw1","0","0","1,2,3,4","lt-00011"
"load00012","pw1","0","0","1,2,3,4","lt-00012"
"load00013","pw1","0","0","1,2,3,4","lt-00013"
"load00014","pw1","0","0","1,2,3,4","lt-00014"
"load00015","pw1","0","0","1,2,3,4","lt-00015"
"load00016","pw1","0","0","1,2,3,4","lt-00016"
"load00017","pw1","0","0","1,2,3,4","lt-00017"
"load00018","pw1","0","0","1,2,3,4","lt-00018"
"load00019","pw1","0","0","1,2,3,4","lt-00019"
"load00020","pw1","0","0","1,2,3,4","lt-00020"
"load00021","pw1","0","0","1,2,3,4","lt-00021"
"load00022","pw1","0","0","1,2,3,4","lt-00022"
"load00023","pw1","0","0","1,2,3,4","lt-00023"
"load00024","pw1","0","0","1,2,3,4","lt-00024"
"load00025","pw1","0","0","1,2,3,4","lt-00025"
"load00026","pw1","0","0","1,2,3,4","lt-00026"
"load00027","pw1","0","0","1,2,3,4","lt-00027"
"load00028","pw1","0","0","1,2,3,4","lt-00028"
"load00029","pw1","0","0","1,2,3,4","lt-00029"
"load00030","pw1","0","0","1,2,3,4","lt-00030"
"load00031","pw1","0","0","1,2,3,4","lt-00031"
"load00032","pw1","0","0","1,2,3,4","lt-00032"
"load00033","pw1","0","0","1,2,3,4","lt-00033"
"load00034","pw1","0","0","1,2,3,4","lt-00034"
"load00035","pw1","0","0","1,2,3,4","lt-00035"
"load00036","pw1","0","0","1,2,3,4","lt-00036"
"load00037","pw1","0","0","1,2,3,4","lt-00037"
"load00038","pw1","0","0","1,2,3,4","lt-00038"
"load00039","pw1","0","0","1,2,3,4","lt-00039"
"load00040","pw1","0","0","1,2,3,4","lt-00040"
"load00041","pw1","0","0","1,2,3,4","lt-00041"
"load00042","pw1","0","0","1,2,3,4","lt-00042"
"load00043","pw1","0","0","1,2,3,4","lt-00043"
"load00044","pw1","0","0","1,2,3,4","lt-00044"
"load00045","pw1","0","0","1,2,3,4","lt-00045"
"load00046","pw1","0","0","1,2,3,4","lt-00046"
"load00047","pw1","0","0","1,2,3,4","lt-00047"
"load00048","pw1","0","0","1,2,3,4","lt-00048"
"load00049","pw1","0","0","1,2,3,4","lt-00049"
"load00050","pw1","0","0","1,2,3,4","lt-00050"
"load00051","pw1","0","0","1,2,3,4","lt-00051"
"load00052","pw1","0","0","1,2,3,4","lt-00052"
"load00053","pw1","0","0","1,2,3,4","lt-00053"
"load00054","pw1","0","0","1,2,3,4","lt-00054"
"load00055","pw1","0","0","1,2,3,4","lt-00055"
"load00056","pw1","0","0","1,2,3,4","lt-00056"
"load00057","pw1","0","0","1,2,3,4","lt-00057"
"load00058","pw1","0","0","1,2,3,4","lt-00058"
"load00059","pw1","0","0","1,2,3,4","lt-00059"
"load00060","pw1","0","0","1,2,3,4","lt-00060"
"load00061","pw1","0","0","1,2,3,4","lt-00061"
"load00062","pw1","0","0","1,2,3,4","lt-00062"
"load00063","pw1","0","0","1,2,3,4","lt-00063"
"load00064","pw1","0","0","1,2,3,4","lt-00064"
"load00065","pw1","0","0","1,2,3,4","lt-00065"
"load00066","pw1","0","0","1,2,3,4","lt-00066"
"load00067","pw1","0","0","1,2,3,4","lt-00067"
"load00068","pw1","0","0","1,2,3,4","lt-00068"
"load00069","pw1","0","0","1,2,3,4","lt-00069"
"load00070","pw1","0","0","1,2,3,4","lt-00070"
"load00071","pw1","0","0","1,2,3,4","lt-00071"
"load00072","pw1","0","0","1,2,3,4","lt-00072"
"load00073","pw1","0","0","1,2,3,4","lt-00073"
"load00074","pw1","0","0","1,2,3,4","lt-00074"
"load00075","pw1","0","0","1,2,3,4","lt-00075"
"load00076","pw1","0","0","1,2,3,4","lt-00076"
"load00077","pw1","0","0","1,2,3,4","lt-00077"
"load00078","pw1","0","0","1,2,3,4","lt-00078"
"load00079","pw1","0","0","1,2,3,4","lt-00079"
"load00080","pw1","0","0","1,2,3,4","lt-00080"
"load00081","pw1","0","0","1,2,3,4","lt-00081"
"load00082","pw1","0","0","1,2,3,4","lt-00082"
"load00083","pw1","0","0","1,2,3,4","lt-00083"
"load00084","pw1","0","0","1,2,3,4","lt-00084"
"load00085","pw1","0","0","1,2,3,4","lt-00085"
"load00086","pw1","0","0","1,2,3,4","lt-00086"
"load00087","pw1","0","0","1,2,3,4","lt-00087"
"load00088","pw1","0","0","1,2,3,4","lt-00088"
"load00089","pw1","0","0","1,2,3,4","lt-00089"
"load00090","pw1","0","0","1,2,3,4","lt-00090"
"load00091","pw1","0","0","1,2,3,4","lt-00091"
"load00092","pw1","0","0","1,2,3,4","lt-00092"
"load00093","pw1","0","0","1,2,3,4","lt-00093"
"load00094","pw1","0","0","1,2,3,4","lt-00094"
"load00095","pw1","0","0","1,2,3,4","lt-00095"
"load00096","pw1","0","0","1,2,3,4","lt-00096"
"load00097","pw1","0","0","1,2,3,4","lt-00097"
"load00098","pw1","0","0","1,2,3,4","lt-00098"
"load00099","pw1","0","0","1,2,3,4","lt-00099"
"load00100","pw1","0","0","1,2,3,4","lt-00100"
"load00101","pw1","0","0","1,2,3,4","lt-00101"
"load00102","pw1","0","0","1,2,3,4","lt-00102"
"load00103","pw1","0","0","1,2,3,4","lt-00103"
"load00104","pw1","0","0","1,2,3,4","lt-00104"
"load00105","pw1","0","0","1,2,3,4","lt-00105"
"load00106","pw1","0","0","1,2,3,4","lt-00106"
"load00107","pw1","0","0","1,2,3,4","lt-00107"
"load00108","pw1","0","0","1,2,3,4","lt-00108"
"load00109","pw1","0","0","1,2,3,4","lt-00109"
"load00110","pw1","0","0","1,2,3,4","lt-00110"
"load00111","pw1","0","0","1,2,3,4","lt-00111"
"load00112","pw1","0","0","1,2,3,4","lt-00112"
"load00113","pw1","0","0","1,2,3,4","lt-00113"
"load00114","pw1","0","0","1,2,3,4","lt-00114"
"load00115","pw1","0","0","1,2,3,4","lt-00115"
"load00116","pw1","0","0","1,2,3,4","lt-00116"
"load00117","pw1","0","0","1,2,3,4","lt-00117"
"load00118","pw1","0","0","1,2,3,4","lt-00118"
"load00119","pw1","0","0","1,2,3,4","lt-00119"
"load00120","pw1","0","0","1,2,3,4","lt-00120"
"load00121","pw1","0","0","1,2,3,4","lt-00121"
"load00122","pw1","0","0","1,2,3,4","lt-00122"
"load00123","pw1","0","0","1,2,3,4","lt-00123"
"load00124","pw1","0","0","1,2,3,4","lt-00124"
"load00125","pw1","0","0","1,2,3,4","lt-00125"
"load00126","pw1","0","0","1,2,3,4","lt-00126"
"load00127","pw1","0","0","1,2,3,4","lt-00127"
"load00128","pw1","0","0","1,2,3,4","lt-00128"
"load00129","pw1","0","0","1,2,3,4","lt-00129"
"load00130","pw1","0","0","1,2,3,4","lt-00130"
"load00131","pw1","0","0","1,2,3,4","lt-00131"
"load00132","pw1","0","0","1,2,3,4","lt-00132"
"load00133","pw1","0","0","1,2,3,4","lt-00133"
"load00134","pw1","0","0","1,2,3,4","lt-00134"
"load00135","pw1","0","0","1,2,3,4","lt-00135"
"load00136","pw1","0","0","1,2,3,4","lt-00136"
"load00137","pw1","0","0","1,2,3,4","lt-00137"
"load00138","pw1","0","0","1,2,3,4","lt-00138"
"load00139","pw1","0","0","1,2,3,4","lt-00139"
"load00140","pw1","0","0","1,2,3,4","lt-00140"
"load00141","pw1","0","0","1,2,3,4","lt-00141"
"load00142","pw1","0","0","1,2,3,4","lt-00142"
"load00143","pw1","0","0","1,2,3,4","lt-00143"
"load00144","pw1","0","0","1,2,3,4","lt-00144"
"load00145","pw1","0","0","1,2,3,4","lt-00145"
"load00146","pw1","0","0","1,2,3,4","lt-00146"
"load00147","pw1","0","0","1,2,3,4","lt-00147"
"load00148","pw1","0","0","1,2,3,4","lt-00148"
"load00149","pw1","0","0","1,2,3,4","lt-00149"
"load00150","pw1","0","0","1,2,3,4","lt-00150"
"load00151","pw1","0","0","1,2,3,4","lt-00151"
"load00152","pw1","0","0","1,2,3,4","lt-00152"
"load00153","pw1","0","0","1,2,3,4","lt-00153"
"load00154","pw1","0","0","1,2,3,4","lt-00154"
"load00155","pw1","0","0","1,2,3,4","lt-00155"
"load00156","pw1","0","0","1,2,3,4","lt-00156"
"load00157","pw1","0","0","1,2,3,4","lt-00157"
"load00158","pw1","0","0","1,2,3,4","lt-00158"
"load00159","pw1","0","0","1,2,3,4","lt-00159"
"load00160","pw1","0","0","1,2,3,4","lt-00160"
"load00161","pw1","0","0","1,2,3,4","lt-00161"
"load00162","pw1","0","0","1,2,3,4","lt-00162"
"load00163","pw1","0","0","1,2,3,4","lt-00163"
"load00164","pw1","0","0","1,2,3,4","lt-00164"
"load00165","pw1","0","0","1,2,3,4","lt-00165"
"load00166","pw1","0","0","1,2,3,4","lt-00166"
"load00167","pw1","0","0","1,2,3,4","lt-00167"
"load00168","pw1","0","0","1,2,3,4","lt-00168"
"load00169","pw1","0","0","1,2,3,4","lt-00169"
"load00170","pw1","0","0","1,2,3,4","lt-00170"
"load00171","pw1","0","0","1,2,3,4","lt-00171"
"load00172","pw1","0","0","1,2,3,4","lt-00172"
"load00173","pw1","0","0","1,2,3,4","lt-00173"
"load00174","pw1","0","0","1,2,3,4","lt-00174"
"load00175","pw1","0","0","1,2,3,4","lt-00175"
"load00176","pw1","0","0","1,2,3,4","lt-00176"
"load00177","pw1","0","0","1,2,3,4","lt-00177"
"load00178","pw1","0","0","1,2,3,4","lt-00178"
"load00179","pw1","0","0","1,2,3,4","lt-00179"
"load00180","pw1","0","0","1,2,3,4","lt-00180"
"load00181","pw1","0","0","1,2,3,4","lt-00181"
"load00182","pw1","0","0","1,2,3,4","lt-00182"
"load00183","pw1","0","0","1,2,3,4","lt-00183"
"load00184","pw1","0","0","1,2,3,4","lt-00184"
"load00185","pw1","0","0","1,2,3,4","lt-00185"
"load00186","pw1","0","0","1,2,3,4","lt-00186"
"load00187","pw1","0","0","1,2,3,4","lt-00187"
"load00188","pw1","0","0","1,2,3,4","lt-00188"
"load00189","pw1","0","0","1,2,3,4","lt-00189"
"load00190","pw1","0","0","1,2,3,4","lt-00190"
"load00191","pw1","0","0","1,2,3,4","lt-00191"
"load00192","pw1","0","0","1,2,3,4","lt-00192"
"load00193","pw1","0","0","1,2,3,4","lt-00193"
"load00194","pw1","0","0","1,2,3,4","lt-00194"
"load00195","pw1","0","0","1,2,3,4","lt-00195"
"load00196","pw1","0","0","1,2,3,4","lt-00196"
"load00197","pw1","0","0","1,2,3,4","lt-00197"
"load00198","pw1","0","0","1,2,3,4","lt-00198"
"load00199","pw1","0","0","1,2,3,4","lt-00199"
"load00200","pw1","0","0","1,2,3,4","lt-00200"
"load00201","pw1","0","0","1,2,3,4","lt-00201"
"load00202","pw1","0","0","1,2,3,4","lt-00202"
"load00203","pw1","0","0","1,2,3,4","lt-00203"
"load00204","pw1","0","0","1,2,3,4","lt-00204"
"load00205","pw1","0","0","1,2,3,4","lt-00205"
"load00206","pw1","0","0","1,2,3,4","lt-00206"
"load00207","pw1","0","0","1,2,3,4","lt-00207"
"load00208","pw1","0","0","1,2,3,4","lt-00208"
"load00209","pw1","0","0","1,2,3,4","lt-00209"
"load00210","pw1","0","0","1,2,3,4","lt-00210"
"load00211","pw1","0","0","1,2,3,4","lt-00211"
"load00212","pw1","0","0","1,2,3,4","lt-00212"
"load00213","pw1","0","0","1,2,3,4","lt-00213"
"load00214","pw1","0","0","1,2,3,4","lt-00214"
"load00215","pw1","0","0","1,2,3,4","lt-00215"
"load00216","pw1","0","0","1,2,3,4","lt-00216"
"load00217","pw1","0","0","1,2,3,4","lt-00217"
"load00218","pw1","0","0","1,2,3,4","lt-00218"
"load00219","pw1","0","0","1,2,3,4","lt-00219"
"load00220","pw1","0","0","1,2,3,4","lt-00220"
"load00221","pw1","0","0","1,2,3,4","lt-00221"
"load00222","pw1","0","0","1,2,3,4","lt-00222"
"load00223","pw1","0","0","1,2,3,4","lt-00223"
"load00224","pw1","0","0","1,2,3,4","lt-00224"
"load00225","pw1","0","0","1,2,3,4","lt-00225"
"load00226","pw1","0","0","1,2,3,4","lt-00226"
"load00227","pw1","0","0","1,2,3,4","lt-00227"
"load00228","pw1","0","0","1,2,3,4","lt-00228"
"load00229","pw1","0","0","1,2,3,4","lt-00229"
"load00230","pw1","0","0","1,2,3,4","lt-00230"
"load00231","pw1","0","0","1,2,3,4","lt-00231"
"load00232","pw1","0","0","1,2,3,4","lt-00232"
"load00233","pw1","0","0","1,2,3,4","lt-00233"
"load00234","pw1","0","0","1,2,3,4","lt-00234"
"load00235","pw1","0","0","1,2,3,4","lt-00235"
"load00236","pw1","0","0","1,2,3,4","lt-00236"
"load00237","pw1","0","0","1,2,3,4","lt-00237"
"load00238","pw1","0","0","1,2,3,4","lt-00238"
"load00239","pw1","0","0","1,2,3,4","lt-00239"
"load00240","pw1","0","0","1,2,3,4","lt-00240"
"load00241","pw1","0","0","1,2,3,4","lt-00241"
"load00242","pw1","0","0","1,2,3,4","lt-00242"
"load00243","pw1","0","0","1,2,3,4","lt-00243"
"load00244","pw1","0","0","1,2,3,4","lt-00244"
"load00245","pw1","0","0","1,2,3,4","lt-00245"
"load00246","pw1","0","0","1,2,3,4","lt-00246"
"load00247","pw1","0","0","1,2,3,4","lt-00247"
"load00248","pw1","0","0","1,2,3,4","lt-00248"
"load00249","pw1","0","0","1,2,3,4","lt-00249"
"load00250","pw1","0","0","1,2,3,4","lt-00250"
"load00251","pw1","0","0","1,2,3,4","lt-00251"
"load00252","pw1","0","0","1,2,3,4","lt-00252"
"load00253","pw1","0","0","1,2,3,4","lt-00253"
"load00254","pw1","0","0","1,2,3,4","lt-00254"
"load00255","pw1","0","0","1,2,3,4","lt-00255"
"load00256","pw1","0","0","1,2,3,4","lt-00256"
"load00257","pw1","0","0","1,2,3,4","lt-00257"
"load00258","pw1","0","0","1,2,3,4","lt-00258"
"load00259","pw1","0","0","1,2,3,4","lt-00259"
"load00260","pw1","0","0","1,2,3,4","lt-00260"
"load00261","pw1","0","0","1,2,3,4","lt-00261"
"load00262","pw1","0","0","1,2,3,4","lt-00262"
"load00263","pw1","0","0","1,2,3,4","lt-00263"
"load00264","pw1","0","0","1,2,3,4","lt-00264"
"load00265","pw1","0","0","1,2,3,4","lt-00265"
"load00266","pw1","0","0","1,2,3,4","lt-00266"
"load00267","pw1","0","0","1,2,3,4","lt-00267"
"load00268","pw1","0","0","1,2,3,4","lt-00268"
"load00269","pw1","0","0","1,2,3,4","lt-00269"
"load00270","pw1","0","0","1,2,3,4","lt-00270"
"load00271","pw1","0","0","1,2,3,4","lt-00271"
"load00272","pw1","0","0","1,2,3,4","lt-00272"
"load00273","pw1","0","0","1,2,3,4","lt-00273"
"load00274","pw1","0","0","1,2,3,4","lt-00274"
"load00275","pw1","0","0","1,2,3,4","lt-00275"
"load00276","pw1","0","0","1,2,3,4","lt-00276"
"load00277","pw1","0","0","1,2,3,4","lt-00277"
"load00278","pw1","0","0","1,2,3,4","lt-00278"
"load00279","pw1","0","0","1,2,3,4","lt-00279"
"load00280","pw1","0","0","1,2,3,4","lt-00280"
"load00281","pw1","0","0","1,2,3,4","lt-00281"
"load00282","pw1","0","0","1,2,3,4","lt-00282"
"load00283","pw1","0","0","1,2,3,4","lt-00283"
"load00284","pw1","0","0","1,2,3,4","lt-00284"
"load00285","pw1","0","0","1,2,3,4","lt-00285"
"load00286","pw1","0","0","1,2,3,4","lt-00286"
"load00287","pw1","0","0","1,2,3,4","lt-00287"
"load00288","pw1","0","0","1,2,3,4","lt-00288"
"load00289","pw1","0","0","1,2,3,4","lt-00289"
"load00290","pw1","0","0","1,2,3,4","lt-00290"
"load00291","pw1","0","0","1,2,3,4","lt-00291"
"load00292","pw1","0","0","1,2,3,4","lt-00292"
"load00293","pw1","0","0","1,2,3,4","lt-00293"
"load00294","pw1","0","0","1,2,3,4","lt-00294"
"load00295","pw1","0","0","1,2,3,4","lt-00295"
"load00296","pw1","0","0","1,2,3,4","lt-00296"
"load00297","pw1","0","0","1,2,3,4","lt-00297"
"load00298","pw1","0","0","1,2,3,4","lt-00298"
"load00299","pw1","0","0","1,2,3,4","lt-00299"
"load00300","pw1","0","0","1,2,3,4","lt-00300"
"load00301","pw1","0","0","1,2,3,4","lt-00301"
"load00302","pw1","0","0","1,2,3,4","lt-00302"
"load00303","pw1","0","0","1,2,3,4","lt-00303"
"load00304","pw1","0","0","1,2,3,4","lt-00304"
"load00305","pw1","0","0","1,2,3,4","lt-00305"
"load00306","pw1","0","0","1,2,3,4","lt-00306"
"load00307","pw1","0","0","1,2,3,4","lt-00307"
"load00308","pw1","0","0","1,2,3,4","lt-00308"
"load00309","pw1","0","0","1,2,3,4","lt-00309"
"load00310","pw1","0","0","1,2,3,4","lt-00310"
"load00311","pw1","0","0","1,2,3,4","lt-00311"
"load00312","pw1","0","0","1,2,3,4","lt-00312"
"load00313","pw1","0","0","1,2,3,4","lt-00313"
"load00314","pw1","0","0","1,2,3,4","lt-00314"
"load00315","pw1","0","0","1,2,3,4","lt-00315"
"load00316","pw1","0","0","1,2,3,4","lt-00316"
"load00317","pw1","0","0","1,2,3,4","lt-00317"
"load00318","pw1","0","0","1,2,3,4","lt-00318"
"load00319","pw1","0","0","1,2,3,4","lt-00319"
"load00320","pw1","0","0","1,2,3,4","lt-00320"
"load00321","pw1","0","0","1,2,3,4","lt-00321"
"load00322","pw1","0","0","1,2,3,4","lt-00322"
"load00323","pw1","0","0","1,2,3,4","lt-00323"
"load00324","pw1","0","0","1,2,3,4","lt-00324"
"load00325","pw1","0","0","1,2,3,4","lt-00325"
"load00326","pw1","0","0","1,2,3,4","lt-00326"
"load00327","pw1","0","0","1,2,3,4","lt-00327"
"load00328","pw1","0","0","1,2,3,4","lt-00328"
"load00329","pw1","0","0","1,2,3,4","lt-00329"
"load00330","pw1","0","0","1,2,3,4","lt-00330"
"load00331","pw1","0","0","1,2,3,4","lt-00331"
"load00332","pw1","0","0","1,2,3,4","lt-00332"
"load00333","pw1","0","0","1,2,3,4","lt-00333"
"load00334","pw1","0","0","1,2,3,4","lt-00334"
"load00335","pw1","0","0","1,2,3,4","lt-00335"
"load00336","pw1","0","0","1,2,3,4","lt-00336"
"load00337","pw1","0","0","1,2,3,4","lt-00337"
"load00338","pw1","0","0","1,2,3,4","lt-00338"
"load00339","pw1","0","0","1,2,3,4","lt-00339"
"load00340","pw1","0","0","1,2,3,4","lt-00340"
"load00341","pw1","0","0","1,2,3,4","lt-00341"
"load00342","pw1","0","0","1,2,3,4","lt-00342"
"load00343","pw1","0","0","1,2,3,4","lt-00343"
"load00344","pw1","0","0","1,2,3,4","lt-00344"
"load00345","pw1","0","0","1,2,3,4","lt-00345"
"load00346","pw1","0","0","1,2,3,4","lt-00346"
"load00347","pw1","0","0","1,2,3,4","lt-00347"
"load00348","pw1","0","0","1,2,3,4","lt-00348"
"load00349","pw1","0","0","1,2,3,4","lt-00349"
"load00350","pw1","0","0","1,2,3,4","lt-00350"
"load00351","pw1","0","0","1,2,3,4","lt-00351"
"load00352","pw1","0","0","1,2,3,4","lt-00352"
"load00353","pw1","0","0","1,2,3,4","lt-00353"
"load00354","pw1","0","0","1,2,3,4","lt-00354"
"load00355","pw1","0","0","1,2,3,4","lt-00355"
"load00356","pw1","0","0","1,2,3,4","lt-00356"
"load00357","pw1","0","0","1,2,3,4","lt-00357"
"load00358","pw1","0","0","1,2,3,4","lt-00358"
"load00359","pw1","0","0","1,2,3,4","lt-00359"
"load00360","pw1","0","0","1,2,3,4","lt-00360"
"load00361","pw1","0","0","1,2,3,4","lt-00361"
"load00362","pw1","0","0","1,2,3,4","lt-00362"
"load00363","pw1","0","0","1,2,3,4","lt-00363"
"load00364","pw1","0","0","1,2,3,4","lt-00364"
"load00365","pw1","0","0","1,2,3,4","lt-00365"
"load00366","pw1","0","0","1,2,3,4","lt-00366"
"load00367","pw1","0","0","1,2,3,4","lt-00367"
"load00368","pw1","0","0","1,2,3,4","lt-00368"
"load00369","pw1","0","0","1,2,3,4","lt-00369"
"load00370","pw1","0","0","1,2,3,4","lt-00370"
"load00371","pw1","0","0","1,2,3,4","lt-00371"
"load00372","pw1","0","0","1,2,3,4","lt-00372"
"load00373","pw1","0","0","1,2,3,4","lt-00373"
"load00374","pw1","0","0","1,2,3,4","lt-00374"
"load00375","pw1","0","0","1,2,3,4","lt-00375"
"load00376","pw1","0","0","1,2,3,4","lt-00376"
"load00377","pw1","0","0","1,2,3,4","lt-00377"
"load00378","pw1","0","0","1,2,3,4","lt-00378"
"load00379","pw1","0","0","1,2,3,4","lt-00379"
"load00380","pw1","0","0","1,2,3,4","lt-00380"
"load00381","pw1","0","0","1,2,3,4","lt-00381"
"load00382","pw1","0","0","1,2,3,4","lt-00382"
"load00383","pw1","0","0","1,2,3,4","lt-00383"
"load00384","pw1","0","0","1,2,3,4","lt-00384"
"load00385","pw1","0","0","1,2,3,4","lt-00385"
"load00386","pw1","0","0","1,2,3,4","lt-00386"
"load00387","pw1","0","0","1,2,3,4","lt-00387"
"load00388","pw1","0","0","1,2,3,4","lt-00388"
"load00389","pw1","0","0","1,2,3,4","lt-00389"
"load00390","pw1","0","0","1,2,3,4","lt-00390"
"load00391","pw1","0","0","1,2,3,4","lt-00391"
"load00392","pw1","0","0","1,2,3,4","lt-00392"
"load00393","pw1","0","0","1,2,3,4","lt-00393"
"load00394","pw1","0","0","1,2,3,4","lt-00394"
"load00395","pw1","0","0","1,2,3,4","lt-00395"
"load00396","pw1","0","0","1,2,3,4","lt-00396"
"load00397","pw1","0","0","1,2,3,4","lt-00397"
"load00398","pw1","0","0","1,2,3,4","lt-00398"
"load00399","pw1","0","0","1,2,3,4","lt-00399"
"load00400","pw1","0","0","1,2,3,4","lt-00400"
"load00401","pw1","0","0","1,2,3,4","lt-00401"
"load00402","pw1","0","0","1,2,3,4","lt-00402"
"load00403","pw1","0","0","1,2,3,4","lt-00403"
"load00404","pw1","0","0","1,2,3,4","lt-00404"
"load00405","pw1","0","0","1,2,3,4","lt-00405"
"load00406","pw1","0","0","1,2,3,4","lt-00406"
"load00407","pw1","0","0","1,2,3,4","lt-00407"
"load00408","pw1","0","0","1,2,3,4","lt-00408"
"load00409","pw1","0","0","1,2,3,4","lt-00409"
"load00410","pw1","0","0","1,2,3,4","lt-00410"
"load00411","pw1","0","0","1,2,3,4","lt-00411"
"load00412","pw1","0","0","1,2,3,4","lt-00412"
"load00413","pw1","0","0","1,2,3,4","lt-00413"
"load00414","pw1","0","0","1,2,3,4","lt-00414"
"load00415","pw1","0","0","1,2,3,4","lt-00415"
"load00416","pw1","0","0","1,2,3,4","lt-00416"
"load00417","pw1","0","0","1,2,3,4","lt-00417"
"load00418","pw1","0","0","1,2,3,4","lt-00418"
"load00419","pw1","0","0","1,2,3,4","lt-00419"
"load00420","pw1","0","0","1,2,3,4","lt-00420"
"load00421","pw1","0","0","1,2,3,4","lt-00421"
"load00422","pw1","0","0","1,2,3,4","lt-00422"
"load00423","pw1","0","0","1,2,3,4","lt-00423"
"load00424","pw1","0","0","1,2,3,4","lt-00424"
"load00425","pw1","0","0","1,2,3,4","lt-00425"
"load00426","pw1","0","0","1,2,3,4","lt-00426"
"load00427","pw1","0","0","1,2,3,4","lt-00427"
"load00428","pw1","0","0","1,2,3,4","lt-00428"
"load00429","pw1","0","0","1,2,3,4","lt-00429"
"load00430","pw1","0","0","1,2,3,4","lt-00430"
"load00431","pw1","0","0","1,2,3,4","lt-00431"
"load00432","pw1","0","0","1,2,3,4","lt-00432"
"load00433","pw1","0","0","1,2,3,4","lt-00433"
"load00434","pw1","0","0","1,2,3,4","lt-00434"
"load00435","pw1","0","0","1,2,3,4","lt-00435"
"load00436","pw1","0","0","1,2,3,4","lt-00436"
"load00437","pw1","0","0","1,2,3,4","lt-00437"
"load00438","pw1","0","0","1,2,3,4","lt-00438"
"load00439","pw1","0","0","1,2,3,4","lt-00439"
"load00440","pw1","0","0","1,2,3,4","lt-00440"
"load00441","pw1","0","0","1,2,3,4","lt-00441"
"load00442","pw1","0","0","1,2,3,4","lt-00442"
"load00443","pw1","0","0","1,2,3,4","lt-00443"
"load00444","pw1","0","0","1,2,3,4","lt-00444"
"load00445","pw1","0","0","1,2,3,4","lt-00445"
"load00446","pw1","0","0","1,2,3,4","lt-00446"
"load00447","pw1","0","0","1,2,3,4","lt-00447"
"load00448","pw1","0","0","1,2,3,4","lt-00448"
"load00449","pw1","0","0","1,2,3,4","lt-00449"
"load00450","pw1","0","0","1,2,3,4","lt-00450"
"load00451","pw1","0","0","1,2,3,4","lt-00451"
"load00452","pw1","0","0","1,2,3,4","lt-00452"
"load00453","pw1","0","0","1,2,3,4","lt-00453"
"load00454","pw1","0","0","1,2,3,4","lt-00454"
"load00455","pw1","0","0","1,2,3,4","lt-00455"
"load00456","pw1","0","0","1,2,3,4","lt-00456"
"load00457","pw1","0","0","1,2,3,4","lt-00457"
"load00458","pw1","0","0","1,2,3,4","lt-00458"
"load00459","pw1","0","0","1,2,3,4","lt-00459"
"load00460","pw1","0","0","1,2,3,4","lt-00460"
"load00461","pw1","0","0","1,2,3,4","lt-00461"
"load00462","pw1","0","0","1,2,3,4","lt-00462"
"load00463","pw1","0","0","1,2,3,4","lt-00463"
"load00464","pw1","0","0","1,2,3,4","lt-00464"
"load00465","pw1","0","0","1,2,3,4","lt-00465"
"load00466","pw1","0","0","1,2,3,4","lt-00466"
"load00467","pw1","0","0","1,2,3,4","lt-00467"
"load00468","pw1","0","0","1,2,3,4","lt-00468"
"load00469","pw1","0","0","1,2,3,4","lt-00469"
"load00470","pw1","0","0","1,2,3,4","lt-00470"
"load00471","pw1","0","0","1,2,3,4","lt-00471"
"load00472","pw1","0","0","1,2,3,4","lt-00472"
"load00473","pw1","0","0","1,2,3,4","lt-00473"
"load00474","pw1","0","0","1,2,3,4","lt-00474"
"load00475","pw1","0","0","1,2,3,4","lt-00475"
"load00476","pw1","0","0","1,2,3,4","lt-00476"
"load00477","pw1","0","0","1,2,3,4","lt-00477"
"load00478","pw1","0","0","1,2,3,4","lt-00478"
"load00479","pw1","0","0","1,2,3,4","lt-00479"
"load00480","pw1","0","0","1,2,3,4","lt-00480"
"load00481","pw1","0","0","1,2,3,4","lt-00481"
"load00482","pw1","0","0","1,2,3,4","lt-00482"
"load00483","pw1","0","0","1,2,3,4","lt-00483"
"load00484","pw1","0","0","1,2,3,4","lt-00484"
"load00485","pw1","0","0","1,2,3,4","lt-00485"
"load00486","pw1","0","0","1,2,3,4","lt-00486"
"load00487","pw1","0","0","1,2,3,4","lt-00487"
"load00488","pw1","0","0","1,2,3,4","lt-00488"
"load00489","pw1","0","0","1,2,3,4","lt-00489"
"load00490","pw1","0","0","1,2,3,4","lt-00490"
"load00491","pw1","0","0","1,2,3,4","lt-00491"
"load00492","pw1","0","0","1,2,3,4","lt-00492"
"load00493","pw1","0","0","1,2,3,4","lt-00493"
"load00494","pw1","0","0","1,2,3,4","lt-00494"
"load00495","pw1","0","0","1,2,3,4","lt-00495"
"load00496","pw1","0","0","1,2,3,4","lt-00496"
"load00497","pw1","0","0","1,2,3,4","lt-00497"
"load00498","pw1","0","0","1,2,3,4","lt-00498"
"load00499","pw1","0","0","1,2,3,4","lt-00499"
"load00500","pw1","0","0","1,2,3,4","lt-00500"

